<?xml version="1.0"?>
<!--
	Copyright 2016
	Ubiquitous Knowledge Processing (UKP) Lab
	Technische Universität Darmstadt

	Licensed under the Apache License, Version 2.0 (the "License");
	you may not use this file except in compliance with the License.
	You may obtain a copy of the License at

	  http://www.apache.org/licenses/LICENSE-2.0

	Unless required by applicable law or agreed to in writing, software
	distributed under the License is distributed on an "AS IS" BASIS,
	WITHOUT WARRANTIES OR CONDITIONS OF ANY KIND, either express or implied.
	See the License for the specific language governing permissions and
	limitations under the License.
-->
<!DOCTYPE hibernate-mapping PUBLIC
        "-//Hibernate/Hibernate Mapping DTD 3.0//EN"
        "http://www.hibernate.org/dtd/hibernate-mapping-3.0.dtd">

<hibernate-mapping>
    <class name="de.tudarmstadt.ukp.wikipedia.api.hibernate.Category" table="Category">
        <id name="id" column="id">
            <generator class="native"/>
        </id>
        <property name="pageId" unique="true" />
        <property name="name" index="nameIndex" />
        <set name="inLinks" table="category_inlinks">
            <key column="id"/>
            <element type="integer" column="inLinks" />
        </set>
        <set name="outLinks" table="category_outlinks">
            <key column="id"/>
            <element type="integer" column="outLinks" />
        </set>
		<!-- this could also be an mapping to real page objects
		     but the DB is created incrementally, so the page objects will not exist when the category objects are created.
		     Therefore, there are two IDs. The hibernate id and the wikipedia pageID that is used to manually reference between objects.
		-->
        <set name="pages" table="category_pages">
            <key column="id"/>
            <element type="integer" column="pages" />
        </set>
    </class>
</hibernate-mapping>