<?xml version="1.0"?>
<!--
	Copyright 2016
	Ubiquitous Knowledge Processing (UKP) Lab
	Technische Universität Darmstadt

	Licensed under the Apache License, Version 2.0 (the "License");
	you may not use this file except in compliance with the License.
	You may obtain a copy of the License at

	  http://www.apache.org/licenses/LICENSE-2.0

	Unless required by applicable law or agreed to in writing, software
	distributed under the License is distributed on an "AS IS" BASIS,
	WITHOUT WARRANTIES OR CONDITIONS OF ANY KIND, either express or implied.
	See the License for the specific language governing permissions and
	limitations under the License.
-->
<!DOCTYPE hibernate-mapping PUBLIC
        "-//Hibernate/Hibernate Mapping DTD 3.0//EN"
        "http://www.hibernate.org/dtd/hibernate-mapping-3.0.dtd">

<hibernate-mapping>
    <class name="de.tudarmstadt.ukp.wikipedia.api.hibernate.Page" table="Page">
        <id name="id" column="id">
            <generator class="native"/>
        </id>
        <property name="pageId" unique="true" />
        <property name="name" index="nameIndex" />
        <property name="text" type="text" length="200000000" />
        <property name="isDisambiguation" type="boolean" />
        <set name="inLinks" table="page_inlinks">
            <key column="id"/>
            <element type="integer" column="inLinks" />
        </set>
        <set name="outLinks" table="page_outlinks">
            <key column="id"/>
            <element type="integer" column="outLinks" />
        </set>
        <set name="categories" table="page_categories">
            <key column="id"/>
            <element type="integer" column="pages" />
        </set>
        <set name="redirects" table="page_redirects">
            <key column="id"/>
            <element type="string" column="redirects" />
        </set>
    </class>
</hibernate-mapping>